school_id,school_name
"USA (Total: 933, Unique School Number: 852)",
US00004,Abilene Christian University Abilene
US00306,Adelphi University Garden City
US00512,Alabama State University Montgomery
US00026,Alaska Pacific University Anchorage
US00008,Albany Medical College Albany
US00011,Albion College Albion
US00013,Alcorn State University Alcorn
US00907,Alfred Lerner College Of Business And Economics The University Of Delaware Newark
US00010,Alfred State College Alfred
US00014,Alfred University Alfred
US00480,Allegheny College Meadville
US00015,Alliant International University San Diego
US00019,Alma College Alma
US00748,American International College Springfield
US00155,American Public University Charles Town
US00828,American University Washington
US00022,Amherst College Amherst
US00027,Anderson University Indiana Anderson
US00028,Anderson University South Carolina Anderson
US00077,Andrews University Berrien Springs
US00029,Angelo State University San Angelo
US00095,Appalachian State University Boone
US00313,Arcadia University Glenside
US00782,Arizona State University Tempe
US00392,Arkansas State University Jonesboro
US00674,Arkansas Tech University Russellville
US00040,Ashland University Ashland
US00862,Assumption College Worcester
US00493,Atlantis University Miami
US00511,Auburn University At Montgomery Montgomery
US00051,Auburn University Auburn
US00500,Augsburg University Minneapolis
US00052,Augusta University Augusta
US00670,Augustana College Rock Island
US00736,Augustana University Sioux Falls
US00053,Aurora University Aurora
US00732,Austin College Sherman
US00188,Austin Peay State University Clarksville
US00398,Avila University Kansas City
US00056,Azusa Pacific University Azusa
US00834,Babson College Wellesley
US00059,Baker University Baldwin City
US00074,Baldwin Wallace University Berea
US00523,Ball State University Muncie
US00554,Bard College Annandale On Hudson
US00320,Bard College At Simons Rock Great Barrington
US00560,Barnard College New York City
US00491,Barry University Miami Shores
US00555,Baruch College New York City
US00431,Bates College Lewiston
US00443,Bay Path University Longmeadow
US00816,Baylor University Waco
US00904,Beacom School Of Business Vermillion
US00863,Becker College Worcester
US00457,Bellarmine University Louisville
US00069,Bellevue College Bellevue
US00068,Bellevue University Bellevue
US00529,Belmont University Nashville
US00071,Beloit College Beloit
US00073,Bemidji State University Bemidji
US00436,Benedictine University Lisle
US00818,Bentley University Waltham
US00075,Berea College Berea
US00520,Berry College Mount Berry
US00687,Bethel University Saint Paul
US00084,Binghamton University Binghamton
US00413,Biola University La Mirada
US00743,Black Hills State University Spearfish
US00090,Bloomsburg University Of Pennsylvania Bloomsburg
US00091,Bluffton University Bluffton
US00328,Bob Jones University Greenville
US00094,Boise State University Boise
US00103,Boston Architectural College Boston
US00115,Boston College Chestnut Hill
US00096,Boston University Boston
US00126,Bowdoin College Brunswick
US00110,Bowie State University Bowie
US00112,Bowling Green State University Bowling Green
US00601,Bradley University Peoria
US00817,Brandeis University Waltham
US00114,Bridgewater State University Bridgewater
US00653,Brigham Young University Idaho Rexburg
US00640,Brigham Young University Provo
US00552,Brooklyn College Brooklyn
US00636,Brown University Providence
US00737,Bryant University Smithfield
US00127,Bryn Mawr College Bryn Mawr
US00430,Bucknell University Lewisburg
US00129,Buffalo State Buffalo
US00373,Butler University Indianapolis
US00665,California Baptist University Riverside
US00598,California Institute Of Technology Pasadena
US00787,California Lutheran University Thousand Oaks
US00706,California Miramar University San Diego
US00711,California Polytechnic State University San Luis Obispo
US00621,California State Polytechnic University Pomona
US00058,California State University Bakersfield
US00139,California State University Channel Islands Camarillo
US00180,California State University Chico
US00924,California State University Dominguez Hills Carson
US00347,California State University East Bay Hayward
US00298,California State University Fresno
US00301,California State University Fullerton Fullerton
US00442,California State University Long Beach
US00450,California State University Los Angeles
US00726,California State University Monterey Bay Seaside
US00448,California State University Northridge
US00676,California State University Sacramento
US00700,California State University San Bernardino
US00713,California State University San Marcos
US00798,California State University Stanislaus Turlock
US00024,California University Of Management And Sciences Anaheim
US00138,California University Of Pennsylvania California
US00317,Calvin College Grand Rapids
US00105,Cambridge College Boston
US00429,Cameron University Lawton
US00133,Campbell University Buies Creek
US00205,Capital University Columbus
US00576,Carleton College Northfield
US00891,Carlson School Of Management Minneapolis
US00612,Carnegie Mellon University Pittsburgh
US00830,Carroll University Waukesha
US00190,Case Western Reserve University Cleveland
US00149,Castleton University Castleton
US00824,Catholic University Of America Washington
US00153,Cedarville University Cedarville
US00532,Central Connecticut State University New Britain
US00521,Central Michigan University Mount Pleasant
US00257,Central Washington University Ellensburg
US00221,Centre College Danville
US00135,Champlain College Burlington
US00589,Chapman University Orange
US00615,Chatham University Pittsburgh
US00177,Chicago State University Chicago
US00486,Christian Brothers University Memphis
US00565,Christopher Newport University Newport News
US00729,City University Of Seattle Seattle
US00590,Claflin University Orangeburg
US00183,Claremont Mckenna College Claremont
US00187,Clarion University Of Pennsylvania Clarion
US00048,Clark Atlanta University Atlanta
US00860,Clark University Worcester
US00629,Clarkson University Potsdam
US00518,Clayton State University Morrow
US00189,Clemson University Clemson
US00191,Cleveland State University Cleveland
US00152,Coe College Cedar Rapids
US00829,Colby College Waterville
US00333,Colgate University Hamilton
US00905,College Of Business Albany State University Albany
US00901,College Of Business And Economics Lehigh University Bethlehem
US00915,College Of Business California State University Long Beach Long Beach
US00911,College Of Business Northern Illinois University Dekalb
US00898,College Of Business Oregon State University Corvallis
US00902,College Of Business University Of Michigan Dearborn Dearborn
US00918,College Of Business University Of Texas At Arlington Arlington
US00158,College Of Charleston Charleston
US00312,College Of Dupage Glen Ellyn
US00871,College Of Engineering Carnegie Mellon University Pittsburgh
US00872,College Of Fine Arts Carnegie Mellon University Pittsburgh
US00865,College Of Holy Cross Worcester
US00760,College Of Staten Island Staten Island
US00847,College Of William Mary Williamsburg
US00199,Colorado College Colorado Springs
US00316,Colorado Mesa University Grand Junction
US00314,Colorado School Of Mines Golden
US00283,Colorado State University Fort Collins
US00641,Colorado State University Pueblo
US00198,Colorado Technical University Colorado Springs
US00176,Columbia College Chicago Chicago
US00203,Columbia International University Columbia
US00544,Columbia University New York City
US00206,Columbus State University Columbus
US00043,Concord University Athens
US00514,Concordia College Moorhead
US00925,Concordia University Chicago River Forest
US00378,Concordia University Irvine
US00683,Concordia University Saint Paul Saint Paul
US00488,Concordia University Wisconsin Mequon
US00537,Connecticut College New London
US00522,Cornell College Mount Vernon
US00929,Cornell Tech Ithaca
US00380,Cornell University Ithaca
US00892,Cox School Of Business Dallas
US00586,Creighton University Omaha
US00466,Dakota State University Madison
US00219,Dallas Baptist University Dallas
US00909,Darla Moore School Of Business Columbia
US00337,Dartmouth College Hanover
US00318,Davenport University Grand Rapids
US00293,Dean College Franklin County
US00242,Delaware State University Dover
US00192,Delta State University Cleveland
US00319,Denison University Granville
US00174,Depaul University Chicago
US00324,Depauw University Greencastle
US00454,Devry University California Long Beach
US00243,Devry University Naperville
US00147,Dickinson College Carlisle
US00651,Digipen Institute Of Technology Redmond
US00678,Dixie State University Saint George
US00660,Dominican University San Rafael
US00238,Drake University Des Moines
US00465,Drew University Madison
US00608,Drexel University Philadelphia
US00751,Drury University Springfield
US00245,Duke University Durham
US00614,Duquesne University Pittsburgh
US00131,Dyouville College Buffalo
US00658,Earlham College Richmond
US00329,East Carolina University Greenville
US00249,East Stroudsburg University East Stroudsburg
US00390,East Tennessee State University Johnson City
US00157,Eastern Illinois University Charleston
US00655,Eastern Kentucky University Richmond
US00868,Eastern Michigan University Ypsilanti
US00644,Eastern Nazarene College Quincy
US00622,Eastern New Mexico University Portales
US00411,Eastern Oregon University La Grande
US00753,Eastern University St Davids
US00164,Eastern Washington University Cheney
US00815,Ecpi University Richmond
US00252,Edinboro University Edinboro
US00256,Elizabethtown College Elizabethtown
US00258,Elmhurst College Elmhurst
US00259,Elmira College Elmira
US00226,Embry Riddle Aeronautical University Daytona Beach
US00101,Emerson College Boston
US00294,Emmanuel College Boston Boston
US00046,Emory University Atlanta
US00260,Emporia State University Emporia
US00081,Endicott College Beverly
US00271,Fairfield University Fairfield
US00467,Fairleigh Dickinson University Madison
US00781,Fairleigh Dickinson University Teaneck
US00473,Fashion Institute Of Technology New York City
US00082,Ferris State University Big Rapids
US00104,Fisher College Boston
US00530,Fisk University Nashville
US00277,Fitchburg State University Fitchburg
US00778,Florida Agricultural Mechanical University Tallahassee
US00092,Florida Atlantic University Boca Raton
US00285,Florida Gulf Coast University Fort Myers
US00483,Florida Institute Of Technology Melbourne
US00490,Florida International University Miami
US00350,Florida National University Hialeah
US00418,Florida Polytechnic University Lakeland
US00777,Florida State University Tallahassee
US00896,Foisie Business School Worcester
US00117,Fordham University Bronx
US00346,Fort Hays State University Hays
US00906,Fox School Of Business And Management Philadelphia
US00291,Framingham State University Framingham
US00282,Francis Marion University Florence
US00208,Franklin University Columbus
US00299,Fresno Pacific University Fresno
US00300,Frostburg State University Frostburg
US00857,Full Sail University Winter Park
US00327,Furman University Greenville
US00825,Gallaudet University Washington
US00261,Gannon University Erie
US00897,Gatton College Of Business And Economics Lexington
US00269,George Mason University Fairfax
US00820,George Washington University Washington
US00821,Georgetown University Washington
US00045,Georgia Institute Of Technology Atlanta
US00720,Georgia Southern University Savannah
US00762,Georgia Southern University Statesboro
US00047,Georgia State University Atlanta
US00310,Gettysburg College Gettysburg
US00882,Goizueta Business School Atlanta
US00922,Golden Gate University San Francisco
US00851,Goldey Beacom College Wilmington
US00744,Gonzaga University Spokane
US00933,Governors State University Chicago
US00609,Grand Canyon University Phoenix
US00016,Grand Valley State University Allendale
US00330,Grinnell College Grinnell
US00876,Haas School Of Business Berkeley
US00195,Hamilton College Clinton
US00686,Hamline University Saint Paul
US00023,Hampshire College Amherst
US00336,Hampton University Hampton
US00338,Hanover College Hanover
US00725,Harding University Searcy
US00873,Harvard Extension School Cambridge
US00874,Harvard Kennedy School Cambridge
US00142,Harvard University Cambridge
US00184,Harvey Mudd College Claremont
US00342,Hastings College Hastings
US00914,Haub School Of Business Philadelphia
US00344,Haverford College Haverford
US00356,Hawaii Pacific University Honolulu
US00788,Heidelberg University Tiffin
US00035,Henderson State University Arkadelphia
US00931,Herzing University Milwaukee
US00351,High Point University High Point
US00348,Hofstra University Hempstead
US00579,Holy Names University Oakland
US00295,Hood College Frederick
US00354,Hope College Holland
US00903,Hough Graduate School Of Business Gainesville
US00364,Houston Baptist University Houston
US00823,Howard University Washington
US00141,Hult International Business School Cambridge
US00034,Humboldt State University Arcata
US00550,Hunter College New York City
US00065,Husson University Bangor
US00620,Idaho State University Pocatello
US00812,Iglobal University Vienna
US00387,Illinois College Jacksonville
US00661,Illinois Dominican University River Forest
US00170,Illinois Institute Of Technology Chicago
US00569,Illinois State University Normal
US00089,Illinois Wesleyan University Bloomington
US00288,Indiana Tech Fort Wayne
US00088,Indiana University Bloomington
US00408,Indiana University Kokomo Kokomo
US00307,Indiana University Northwest Gary
US00370,Indiana University Of Pennsylvania Indiana
US00286,Indiana University Purdue University Fort Wayne Fort Wayne
US00371,Indiana University Purdue University Indianapolis Indianapolis
US00738,Indiana University South Bend South Bend
US00543,Iona College New Rochelle
US00020,Iowa State University Ames
US00381,Ithaca College Ithaca
US00382,Jackson State University Jackson
US00386,Jacksonville State University Jacksonville
US00384,Jacksonville University Jacksonville
US00339,James Madison University Harrisonburg
US00735,John Brown University Siloam Springs
US00804,John Carroll University University Heights
US00060,Johns Hopkins University Baltimore
US00639,Johnson Wales University Providence
US00366,Juniata College Huntingdon
US00394,Kalamazoo College Kalamazoo
US00472,Kansas State University Manhattan
US00802,Kean University Union
US00400,Kennesaw State University Kennesaw
US00402,Kent State University Kent
US00572,Kent State University Stark North Canton
US00292,Kentucky State University Frankfort
US00280,Kettering University Flint
US00303,Knox College Galesburg
US00822,Kogod School Of Business Washington
US00889,Krannert School Of Management West Lafayette
US00409,Kutztown University Kutztown
US00616,La Roche University Pittsburgh
US00607,La Salle University Philadelphia
US00664,La Sierra University Riverside
US00250,Lafayette College Easton
US00719,Lake Superior State University Sault Ste Marie
US00067,Lamar University Beaumont
US00566,Lasell University Newton
US00741,Lawrence Technological University Southfield
US00033,Lawrence University Appleton
US00032,Lebanon Valley College Annville
US00193,Lee University Cleveland
US00079,Lehigh University Bethlehem
US00556,Lehman College Bronx
US00143,Lesley University Cambridge
US00444,Letourneau University Longview
US00626,Lewis And Clark College Portland
US00432,Lewis Clark State College Lewiston
US00673,Lewis University Romeoville
US00461,Liberty University Lynchburg
US00549,Lim College New York City
US00340,Lincoln Memorial University Harrogate
US00580,Lincoln University Philadelphia
US00677,Lindenwood University Saint Charles
US00479,Linfield College Mcminnville
US00531,Lipscomb University Nashville
US00441,Loma Linda University Loma Linda
US00123,Long Island University Brooklyn
US00124,Long Island University Post Greenvale
US00274,Longwood University Farmville
US00066,Louisiana State University Baton Rouge
US00734,Louisiana State University Shreveport Shreveport
US00675,Louisiana Tech University Ruston
US00449,Loyola Marymount University Los Angeles
US00167,Loyola University Chicago
US00062,Loyola University Maryland Baltimore
US00538,Loyola University New Orleans
US00093,Lynn University Boca Raton
US00439,Madonna University Livonia
US00272,Maharishi University Of Management Fairfield
US00574,Manchester University North Manchester
US00662,Manhattan College Riverdale
US00631,Marist College Poughkeepsie
US00497,Marquette University Milwaukee
US00883,Marshall Business School Los Angeles
US00367,Marshall University Huntington
US00647,Marymount California University Rancho Palos Verdes
US00037,Marymount University Arlington
US00755,Maryville University St Louis
US00724,Marywood University Scranton
US00916,Masagung Graduate School Of Management San Francisco
US00140,Massachusetts Institute Of Technology Cambridge
US00109,Massachusetts Maritime Academy Buzzards Bay
US00893,Mays Business School College Station
US00881,Mccombs School Of Business Austin
US00417,Mcneese State University Lake Charles
US00463,Mercer University Macon
US00262,Mercyhurst University Erie
US00481,Messiah University Mechanicsburg
US00236,Metropolitan State University Denver
US00685,Metropolitan State University Saint Paul
US00920,Miami Business School Coral Gables
US00492,Miami Dade College Miami
US00494,Miami University Oxford
US00248,Michigan State University East Lansing
US00357,Michigan Technological University Houghton
US00524,Middle Tennessee State University Murfreesboro
US00496,Midway University Midway
US00845,Midwestern State University Wichita Falls
US00241,Millennia Atlantic University Doral
US00578,Mills College Oakland
US00383,Millsaps College Jackson
US00499,Milwaukee School Of Engineering Milwaukee
US00932,Minerva University San Francisco
US00474,Minnesota State University Mankato Mankato
US00513,Minnesota State University Moorhead Moorhead
US00502,Minot State University Minot
US00194,Mississippi College Clinton
US00504,Mississippi State University Mississippi State
US00745,Missouri State University Springfield
US00672,Missouri University Of Science And Technology Rolla
US00679,Missouri Western State University Saint Joseph
US00875,Mit Sloan School Of Management Cambridge
US00839,Monmouth University West Long Branch
US00118,Monroe College Bronx
US00083,Montana State University Billings
US00509,Montana State University Bozeman
US00321,Montana State University Great Falls
US00345,Montana State University Northern Havre
US00137,Montana Tech Butte
US00510,Montclair State University Montclair
US00080,Moravian College Bethlehem
US00515,Morehead State University Morehead
US00049,Morehouse College Atlanta
US00063,Morgan State University Baltimore
US00739,Mount Holyoke College South Hadley
US00017,Muhlenberg College Allentown
US00912,Muma College Of Business University Of South Florida Tampa
US00525,Murray State University Murray
US00535,Muskingum University New Concord
US00649,National American University Rapid City
US00412,National University La Jolla
US00913,Neeley School Of Business Fort Worth
US00349,New England College Henniker
US00247,New England Institute Of Technology Warwick
US00563,New Jersey Institute Of Technology Newark
US00423,New Mexico Highlands University Las Vegas
US00422,New Mexico State University Las Cruces
US00122,New York City College Of Technology Brooklyn
US00585,New York Institute Of Technology New York City
US00545,New York University New York City
US00927,New York University Tandon School Of Engineering Brooklyn
US00705,Newschool Of Architecture And Design San Diego
US00928,Nexford University Washington
US00130,Niagara University Niagara University
US00786,Nicholls State University Thibodaux
US00568,Norfolk State University Norfolk
US00758,North American University Stafford
US00246,North Carolina Central University Durham
US00646,North Carolina State University Raleigh
US00273,North Dakota State University Fargo
US00178,North Park University Chicago
US00175,Northeastern Illinois University Chicago
US00776,Northeastern State University Tahlequah
US00097,Northeastern University Boston
US00278,Northern Arizona University Flagstaff
US00229,Northern Illinois University Dekalb
US00352,Northern Kentucky University Highland Heights
US00475,Northern Michigan University Marquette
US00003,Northern State University Aberdeen
US00478,Northwest Missouri State University Maryville
US00405,Northwest University Kirkland
US00264,Northwestern University Evanston
US00284,Nova Southeastern University Fort Lauderdale
US00668,Oakland University Rochester
US00561,Oglethorpe University Atlanta
US00207,Ohio Dominican University Columbus
US00005,Ohio Northern University Ada
US00204,Ohio State University Columbus
US00041,Ohio University Athens
US00231,Ohio Wesleyan University Delaware
US00254,Oklahoma Christian University Edmond
US00584,Oklahoma City University Oklahoma City
US00765,Oklahoma State University Stillwater
US00567,Old Dominion University Norfolk
US00884,Olin Business School St Louis
US00797,Oral Roberts University Tulsa
US00624,Oregon Health Science University Portland
US00215,Oregon State University Corvallis
US00841,Otterbein University Westerville
US00548,Pace University New York City
US00774,Pacific Lutheran University Tacoma
US00452,Pacific States University Los Angeles
US00331,Pacific University Forest Grove
US00840,Palm Beach Atlantic University West Palm Beach
US00597,Park University Parkville
US00848,Pennsylvania College Of Technology Williamsport
US00805,Pennsylvania State University State College
US00470,Pepperdine University Malibu
US00503,Pfeiffer University Misenheimer
US00611,Pittsburg State University Pittsburg
US00185,Pitzer College Claremont
US00619,Plymouth State University Plymouth
US00704,Point Loma Nazarene University San Diego
US00617,Point Park University Pittsburgh
US00186,Pomona College Claremont
US00623,Portland State University Portland
US00633,Prairie View Am University Prairie View
US00121,Pratt Institute Brooklyn
US00635,Princeton University Princeton
US00637,Providence College Providence
US00372,Purdue University Global Indianapolis
US00335,Purdue University Northwest Hammond
US00838,Purdue University West Lafayette
US00553,Queens College Queens
US00162,Queens University Of Charlotte Charlotte
US00332,Quinnipiac University Hamden
US00645,Radford University Radford
US00469,Ramapo College Of New Jersey Mahwah
US00625,Reed College Portland
US00814,Regent University Virginia Beach
US00237,Regis University Denver
US00793,Rensselaer Polytechnic Institute Troy
US00638,Rhode Island School Of Design Providence
US00485,Rhodes College Memphis
US00359,Rice University Houston
US00428,Rider University Lawrenceville
US00659,Ripon College Ripon
US00923,Rivier University Nashua
US00888,Robert H Smith School Of Business College Park
US00179,Robert Morris University Illinois Chicago
US00666,Rochester Institute Of Technology Rochester
US00397,Rockhurst University Kansas City
US00116,Roger Williams University Bristol
US00858,Rollins College Winter Park
US00172,Roosevelt University Chicago
US00785,Rose Hulman Institute Of Technology Terre Haute
US00879,Ross School Of Business Ann Arbor
US00311,Rowan University Glassboro
US00173,Rush University Chicago
US00895,Rutgers Business School Piscataway
US00533,Rutgers University New Jersey New Brunswick
US00270,Sacred Heart University Fairfield
US00803,Saginaw Valley State University University Center
US00222,Saint Ambrose University Davenport
US00752,Saint Cloud State University St Cloud
US00055,Saint Edwards University Austin
US00445,Saint Francis University Loretto
US00680,Saint Leo University Saint Leo
US00681,Saint Louis University Saint Louis
US00415,Saint Martins University Lacey
US00854,Saint Marys University Of Minnesota Winona
US00389,Saint Peters University Jersey City
US00425,Saint Vincent College Latrobe
US00168,Saint Xavier University Chicago
US00690,Salem State University Salem
US00691,Salem University Salem
US00692,Salisbury University Salisbury
US00564,Salve Regina University Newport
US00369,Sam Houston State University Huntsville
US00086,Samford University Birmingham
US00702,San Diego State University San Diego
US00709,San Francisco State University San Francisco
US00710,San Jose State University San Jose
US00715,Santa Clara University Santa Clara
US00119,Sarah Lawrence College Bronxville
US00919,Saunders College Of Business Rochester
US00721,Savannah State University Savannah
US00910,Sawyer Business School Boston
US00885,Scheller College Of Business Atlanta
US00894,School Of Business University Of Connecticut Storrs
US00921,School Of Business Wake Forest University Winston Salem
US00728,Seattle Pacific University Seattle
US00727,Seattle University Seattle
US00740,Seton Hall University South Orange
US00326,Seton Hill University Greensburg
US00628,Shawnee State University Portsmouth
US00731,Shepherd University Shepherdstown
US00733,Shippensburg University Of Pennsylvania Shippensburg
US00455,Siena College Loudonville
US00100,Simmons University Boston
US00718,Skidmore College Saratoga Springs
US00136,Slippery Rock University Slippery Rock
US00887,Smeal College Of Business University Park
US00575,Smith College Northampton
US00596,Sofia University Palo Alto
US00671,Sonoma State University Rohnert Park
US00591,South Carolina State University Orangeburg
US00648,South Dakota School Of Mines Technology Rapid City
US00120,South Dakota State University Brookings
US00145,Southeast Missouri State University Cape Girardeau
US00334,Southeastern Louisiana University Hammond
US00419,Southeastern University Florida Lakeland
US00468,Southern Arkansas University Magnolia
US00453,Southern California Institute Of Architecture Los Angeles
US00146,Southern Illinois University Carbondale
US00001,Southern Illinois University Edwardsville
US00218,Southern Methodist University Dallas
US00078,Southern Nazarene University Bethany
US00471,Southern New Hampshire University Manchester
US00039,Southern Oregon University Ashland
US00541,Southern University At New Orleans New Orleans
US00150,Southern Utah University Cedar City
US00128,Southern Virginia University Buena Vista
US00476,Southwest Minnesota State University Marshall
US00833,Southwestern Oklahoma State University Weatherford
US00309,Southwestern University Georgetown
US00050,Spelman College Atlanta
US00749,Springfield College Springfield
US00426,St Andrews University Laurinburg
US00559,St Francis College Brooklyn
US00551,St Johns University Jamaica
US00144,St Lawrence University Canton
US00699,St Marys University San Antonio
US00759,Stanford University Stanford
US00308,State University Of New York At Geneseo Geneseo
US00542,State University Of New York At New Paltz New Paltz
US00594,State University Of New York At Oswego Oswego
US00297,State University Of New York Fredonia Fredonia
US00618,State University Of New York Plattsburgh Plattsburgh
US00009,State University Of New York Polytechnic Institute Albany
US00630,State University Of New York Potsdam Potsdam
US00526,Stephen F Austin State University Nacogdoches
US00878,Stern School Of Business New York City
US00230,Stetson University Deland
US00353,Stevens Institute Of Technology Hoboken
US00610,Stevenson University Owings Mills
US00304,Stockton University Galloway
US00767,Stony Brook University Stony Brook
US00098,Suffolk University Boston
US00458,Sullivan University Louisville
US00772,Suny Downstate Medical Center Brooklyn
US00730,Susquehanna University Selinsgrove
US00769,Swarthmore College Swarthmore
US00770,Sweet Briar College Sweet Briar
US00771,Syracuse University Syracuse
US00763,Tarleton State University Stephenville
US00806,Taylor University Upland
US00558,Teachers College At Columbia University New York City
US00604,Temple University Philadelphia
US00528,Tennessee State University Nashville
US00212,Tennessee Technological University Cookeville
US00044,Tennessee Wesleyan University Athens
US00880,Tepper School Of Business Pittsburgh
US00197,Texas Aandm University College Station
US00404,Texas Aandm University Kingsville
US00421,Texas Am International University Laredo
US00209,Texas Am University Commerce
US00214,Texas Am University Corpus Christi
US00305,Texas Am University Galveston
US00289,Texas Christian University Fort Worth
US00363,Texas Southern University Houston
US00712,Texas State University San Marcos
US00460,Texas Tech University Lubbock
US00290,Texas Wesleyan University Fort Worth
US00233,Texas Womans University Denton
US00557,The City College Of New York New York City
US00267,The College Of New Jersey Ewing Township
US00859,The College Of Wooster Wooster
US00156,The Medical University Of South Carolina Charleston
US00547,The New School New York City
US00169,The University Of Chicago Chicago
US00926,Thomas College Waterville
US00605,Thomas Jefferson University Philadelphia
US00789,Tiffin University Tiffin
US00917,Tobin College Of Business Jamaica
US00792,Towson University Towson
US00030,Trine University Angola
US00228,Trinity International University Deerfield
US00697,Trinity University San Antonio
US00794,Troy University Troy
US00899,Trulaske College Of Business University Of Missouri Columbia
US00406,Truman State University Kirksville
US00482,Tufts University Medford
US00539,Tulane University New Orleans
US00800,Tuskegee University Tuskegee
US00459,Umass Lowell Lowell
US00722,Union College Schenectady
US00002,University At Albany Albany
US00132,University At Buffalo Buffalo
US00784,University Of Advancing Technology Tempe
US00007,University Of Akron Akron
US00085,University Of Alabama Birmingham
US00368,University Of Alabama Huntsville
US00799,University Of Alabama Tuscaloosa
US00025,University Of Alaska Anchorage
US00268,University Of Alaska Fairbanks
US00795,University Of Arizona Tucson
US00275,University Of Arkansas Fayetteville
US00437,University Of Arkansas Little Rock
US00113,University Of Bridgeport Bridgeport
US00076,University Of California Berkeley
US00223,University Of California Davis
US00377,University Of California Irvine
US00446,University Of California Los Angeles
US00489,University Of California Merced
US00663,University Of California Riverside
US00701,University Of California San Diego
US00708,University Of California San Francisco
US00714,University Of California Santa Barbara
US00716,University Of California Santa Cruz
US00211,University Of Central Arkansas Conway
US00592,University Of Central Florida Orlando
US00819,University Of Central Missouri Warrensburg
US00253,University Of Central Oklahoma Edmond
US00159,University Of Charleston Charleston
US00181,University Of Cincinnati Cincinnati
US00108,University Of Colorado Boulder
US00200,University Of Colorado Colorado Springs
US00234,University Of Colorado Denver
US00768,University Of Connecticut Storrs
US00379,University Of Dallas Irving
US00225,University Of Dayton Dayton
US00562,University Of Delaware Newark
US00235,University Of Denver Denver
US00240,University Of Detroit Mercy Detroit
US00244,University Of Dubuque Dubuque
US00265,University Of Evansville Evansville
US00276,University Of Findlay Findlay
US00302,University Of Florida Gainesville
US00042,University Of Georgia Athens
US00341,University Of Hartford West Hartford
US00355,University Of Hawaii At Manoa Honolulu
US00362,University Of Houston Clear Lake Houston
US00358,University Of Houston Downtown Houston
US00360,University Of Houston Houston
US00811,University Of Houston Victoria
US00519,University Of Idaho Moscow
US00171,University Of Illinois Chicago
US00747,University Of Illinois Springfield
US00807,University Of Illinois Urbana
US00698,University Of Incarnate Word San Antonio
US00374,University Of Indianapolis Indianapolis
US00376,University Of Iowa Iowa City
US00388,University Of Jamestown Jamestown
US00427,University Of Kansas Lawrence
US00396,University Of Kansas Medical Center Kansas City
US00433,University Of Kentucky Lexington
US00414,University Of La Verne La Verne
US00416,University Of Louisiana Lafayette
US00508,University Of Louisiana Monroe
US00456,University Of Louisville Louisville
US00593,University Of Maine Orono
US00072,University Of Mary Hardin Baylor Belton
US00296,University Of Mary Washington Fredericksburg
US00061,University Of Maryland Baltimore
US00064,University Of Maryland Baltimore County Baltimore
US00196,University Of Maryland College Park
US00634,University Of Maryland Eastern Shore Princess Anne
US00021,University Of Massachusetts Amherst
US00099,University Of Massachusetts Boston
US00573,University Of Massachusetts North Dartmouth
US00484,University Of Memphis Memphis
US00213,University Of Miami Coral Gables
US00031,University Of Michigan Ann Arbor
US00227,University Of Michigan Dearborn
US00279,University Of Michigan Flint
US00869,University Of Minnesota Duluth Duluth
US00517,University Of Minnesota Morris
US00501,University Of Minnesota Twin Cities Minneapolis
US00595,University Of Mississippi University
US00202,University Of Missouri Columbia
US00395,University Of Missouri Kansas City
US00756,University Of Missouri St Louis
US00505,University Of Montana Missoula
US00018,University Of Mount Union Alliance
US00399,University Of Nebraska Kearney
US00435,University Of Nebraska Lincoln
US00587,University Of Nebraska Medical Center Omaha
US00588,University Of Nebraska Omaha Omaha
US00424,University Of Nevada Las Vegas
US00652,University Of Nevada Reno
US00210,University Of New Hampshire Durham
US00837,University Of New Haven West Haven
US00012,University Of New Mexico Albuquerque
US00540,University Of New Orleans New Orleans
US00281,University Of North Alabama Florence
US00038,University Of North Carolina Asheville
US00154,University Of North Carolina Chapel Hill
US00160,University Of North Carolina Charlotte
US00325,University Of North Carolina Greensboro
US00599,University Of North Carolina Pembroke
US00850,University Of North Carolina Wilmington
US00315,University Of North Dakota Grand Forks
US00385,University Of North Florida Jacksonville
US00217,University Of North Georgia Dahlonega
US00232,University Of North Texas Denton
US00322,University Of Northern Colorado Greeley
US00151,University Of Northern Iowa Cedar Falls
US00577,University Of Notre Dame Notre Dame
US00583,University Of Oklahoma Health Sciences Center Oklahoma City
US00570,University Of Oklahoma Norman
US00263,University Of Oregon Eugene
US00766,University Of Pacific Stockton
US00603,University Of Pennsylvania Philadelphia
US00783,University Of Phoenix Tempe
US00613,University Of Pittsburgh Pittsburgh
US00870,University Of Puerto Rico Mayaguez
US00650,University Of Redlands Redlands
US00403,University Of Rhode Island Kingston
US00657,University Of Richmond Richmond
US00667,University Of Rochester Rochester
US00287,University Of Saint Francis Fort Wayne
US00703,University Of San Diego San Diego
US00707,University Of San Francisco San Francisco
US00606,University Of Sciences In Philadelphia Philadelphia
US00723,University Of Scranton Scranton
US00506,University Of South Alabama Mobile
US00006,University Of South Carolina Aiken
US00201,University Of South Carolina Columbia
US00742,University Of South Carolina Upstate Spartanburg
US00810,University Of South Dakota Vermillion
US00717,University Of South Florida Sarasota Manatee Sarasota
US00757,University Of South Florida St Petersburg
US00779,University Of South Florida Tampa
US00447,University Of Southern California Los Angeles
US00266,University Of Southern Indiana Evansville
US00627,University Of Southern Maine Portland
US00343,University Of Southern Mississippi Hattiesburg
US00391,University Of St Francis Joliet
US00688,University Of St Thomas Houston
US00684,University Of St Thomas Saint Paul
US00780,University Of Tampa Tampa
US00407,University Of Tennessee Knoxville
US00477,University Of Tennessee Martin Martin
US00036,University Of Texas Arlington
US00054,University Of Texas Austin
US00654,University Of Texas Dallas Richardson
US00255,University Of Texas El Paso
US00361,University Of Texas Health Science Center Houston
US00696,University Of Texas Health Science Center San Antonio
US00365,University Of Texas M D Anderson Cancer Center Houston
US00581,University Of Texas Permian Basin Odessa
US00125,University Of Texas Rio Grande Valley Edinburg
US00695,University Of Texas San Antonio
US00801,University Of Texas Tyler
US00826,University Of The District Of Columbia Washington
US00790,University Of Toledo Toledo
US00796,University Of Tulsa Tulsa
US00693,University Of Utah Salt Lake City
US00134,University Of Vermont Burlington
US00163,University Of Virginia Charlottesville
US00107,University Of Washington Bothell
US00773,University Of Washington Seattle
US00775,University Of Washington Tacoma
US00438,University Of West Alabama Livingston
US00600,University Of West Florida Pensacola
US00148,University Of West Georgia Carrollton
US00251,University Of Wisconsin Eau Claire
US00323,University Of Wisconsin Green Bay
US00410,University Of Wisconsin La Crosse
US00464,University Of Wisconsin Madison
US00498,University Of Wisconsin Milwaukee
US00401,University Of Wisconsin Parkside Kenosha
US00764,University Of Wisconsin Stevens Point
US00487,University Of Wisconsin Stout Menomonie
US00161,University Of Wisconsin Whitewater
US00420,University Of Wyoming Laramie
US00440,Utah State University Logan
US00808,Utica College Utica
US00809,Valdosta State University Valdosta
US00527,Vanderbilt University Nashville
US00632,Vassar College Poughkeepsie
US00813,Villanova University Villanova
US00656,Virginia Commonwealth University Richmond
US00602,Virginia State University Petersburg
US00087,Virginia Tech Blacksburg
US00886,W P Carey School Of Business Tempe
US00761,Wagner College Staten Island
US00855,Wake Forest University Winston Salem
US00571,Walsh University North Canton
US00791,Washburn University Topeka
US00827,Washington And Jefferson College Washington
US00434,Washington And Lee University Lexington
US00166,Washington College Chestertown
US00642,Washington State University Pullman
US00754,Washington University St Louis
US00832,Wayne State College Wayne
US00239,Wayne State University Detroit
US00908,Weatherhead School Of Management Cleveland
US00057,Webber International University Babson Park
US00582,Weber State University Ogden
US00682,Webster University Webster Groves
US00835,Wellesley College Wellesley
US00106,Wentworth Institute Of Technology Boston
US00495,Wesleyan University Middletown
US00836,West Chester University West Chester
US00375,West Virginia State University Institute
US00516,West Virginia University Morgantown
US00930,Westcliff University Irvine
US00216,Western Carolina University Cullowhee
US00220,Western Connecticut State University Danbury
US00462,Western Illinois University Macomb
US00111,Western Kentucky University Bowling Green
US00393,Western Michigan University Kalamazoo
US00746,Western New England University Springfield
US00507,Western Oregon University Monmouth
US00070,Western Washington University Bellingham
US00842,Westfield State University Westfield
US00694,Westminster College Salt Lake City Salt Lake City
US00102,Wheelock College Of Education Human Development Boston
US00843,Whittier College Whittier
US00844,Wichita State University Wichita
US00165,Widener University Chester
US00846,Wilkes University Wilkes Barre
US00689,Willamette University Salem
US00831,William Paterson University Of New Jersey Wayne
US00849,Williams College Williamstown
US00534,Wilmington University New Castle
US00852,Wingate University Wingate
US00853,Winona State University Winona
US00856,Winston Salem State University Winston Salem
US00669,Winthrop University Rock Hill
US00890,Wisconsin School Of Business Madison
US00750,Wittenberg University Springfield
US00451,Woodbury University Burbank
US00861,Worcester Polytechnic Institute Worcester
US00864,Worcester State University Worcester
US00224,Wright State University Dayton
US00182,Xavier University Cincinnati
US00877,Yale School Of Management New Haven
US00536,Yale University New Haven
US00546,Yeshiva University New York City
US00643,York College Jamaica
US00866,York College Of Pennsylvania York
US00867,Youngstown State University Youngstown
US00900,Zicklin School Of Business New York City
"AUSTRALIA (Total: 44, Unique School Number: 44)",
AU00044,Adelaide University Adelaide
AU00005,Australian Catholic University Brisbane
AU00009,Australian National University Canberra
AU00035,Blue Mountains International Hotel Management School Sydney
AU00013,Bond University Gold Coast
AU00027,Central Queensland University Rockhampton
AU00011,Charles Darwin University Darwin
AU00028,Charles Sturt University Sydney
AU00023,Curtin University Perth
AU00012,Deakin University Geelong
AU00024,Edith Cowan University Perth
AU00036,Engineering Institute Of Technology Perth
AU00001,Flinders University Adelaide
AU00006,Griffith University Brisbane
AU00033,James Cook University Townsville
AU00016,La Trobe University Melbourne
AU00040,Macleay College Sydney
AU00029,Macquarie University Sydney
AU00043,Monash College Melbourne
AU00017,Monash University Melbourne
AU00025,Murdoch University Perth
AU00007,Queensland University Of Technology Brisbane
AU00018,Rmit University Melbourne
AU00037,S P Jain School Of Global Management Sydney
AU00019,Swinburne University Of Technology Melbourne
AU00041,Sydney Institute Of Business And Technology Sydney
AU00038,The University Of Notre Dame Fremantle
AU00008,The University Of Queensland Brisbane
AU00030,The University Of Sydney Sydney
AU00039,Torrens University Australia Sydney
AU00002,University Of Adelaide Adelaide
AU00010,University Of Canberra Canberra
AU00020,University Of Melbourne Melbourne
AU00004,University Of New England Armidale
AU00015,University Of New South Wales Sydney
AU00022,University Of Newcastle Newcastle
AU00003,University Of South Australia Adelaide
AU00032,University Of Southern Queensland Toowoomba
AU00014,University Of Tasmania Hobart
AU00031,University Of Technology Sydney Sydney
AU00026,University Of Western Australia Perth
AU00034,University Of Wollongong Wollongong
AU00042,Uow College Wollongong
AU00021,Victoria University Melbourne
"CANADA (Total: 112, Unique School Number: 112)",
CA00012,Acadia University Wolfville
CA00100,Acsenda School Of Management Vancouver
CA00085,Adler University Vancouver Vancouver
CA00001,Algoma University Sault Ste Marie
CA00071,Algonquin College Ottawa
CA00013,Athabasca University Athabasca
CA00014,Bishops University Sherbrooke
CA00015,Brescia University College London
CA00104,Brighton College Burnaby
CA00075,British Columbia Institute Of Technology Burnaby
CA00086,Brock University St Catharines
CA00016,Cape Breton University Sydney
CA00017,Capilano University North Vancouver
CA00002,Carleton University Ottawa
CA00072,Centennial College Toronto
CA00076,College Of The Rockies Cranbrook
CA00077,Columbia College Vancouver
CA00003,Concordia University Montreal
CA00078,Coquitlam College Coquitlam
CA00099,Crandall University Moncton
CA00105,Cypress College Medicine Hat
CA00018,Dalhousie University Halifax
CA00079,Dawson College Montreal
CA00090,Desautels Faculty Of Management Montreal
CA00020,Emily Carr University Of Art Design Vancouver
CA00111,Eton College Vancouver
CA00101,Evergreen College Toronto
CA00108,Fairleigh Dickinson University Vancouver
CA00080,Fanshawe College London
CA00081,George Brown College Toronto
CA00082,Georgian College Barrie
CA00021,Hec Montreal Montreal
CA00073,Humber College Toronto
CA00110,Ibt College Business Travel And Tourism Technology Toronto
CA00022,Kings University College London
CA00023,Kwantlen Polytechnic University Surrey
CA00024,Lakehead University Thunder Bay
CA00095,Langara College Vancouver
CA00089,Lasalle College Vancouver Vancouver
CA00025,Laurentian University Sudbury
CA00051,Laval University Quebec City
CA00026,Macewan University Edmonton
CA00027,Mcgill University Montreal
CA00028,Mcmaster University Hamilton
CA00029,Memorial University Of Newfoundland St Johns
CA00030,Mount Royal University Calgary
CA00031,Mount Saint Vincent University Halifax
CA00109,New York Institute Of Technology Vancouver Campus Vancouver
CA00102,Niagara College Canada Welland Toronto
CA00096,Norquest College Edmonton
CA00074,Northern Alberta Institute Of Technology Edmonton
CA00103,Northern College At Pures Toronto
CA00097,Northern Lights College Dawson Creek
CA00032,Nscad University Halifax
CA00004,Ocad University Toronto
CA00094,Ontario Institute For Studies In Education Toronto
CA00019,Polytechnic School Of Montreal Montreal
CA00033,Queens University Kingston
CA00087,Red River College Winnipeg
CA00034,Renison University College Waterloo
CA00091,Rotman School Of Management Toronto
CA00035,Royal Roads University Victoria
CA00005,Saint Marys University Halifax
CA00098,Sait Polytechnic Calgary
CA00049,School Of Higher Technology University Of Quebec Montreal
CA00037,Simon Fraser University Burnaby
CA00038,St Marys University Halifax
CA00112,Tav College Montreal
CA00092,Ted Rogers School Of Management Toronto
CA00093,Telfer School Of Management Ottawa
CA00006,The Kings University Edmonton
CA00039,The University Of British Columbia Okanagan Kelowna
CA00040,The University Of British Columbia Vancouver
CA00042,Thompson Rivers University Kamloops
CA00036,Toronto Metropolitan University Toronto
CA00106,Toronto School Of Management Toronto
CA00107,Trebas Institute Montreal
CA00043,Trent University Peterborough
CA00044,Trinity College Toronto
CA00045,Trinity Western University Langley
CA00007,University Canada West Vancouver
CA00008,University Of Alberta Edmonton
CA00009,University Of Calgary Calgary
CA00052,University Of Guelph Guelph
CA00053,University Of Guelph Humber Campus Toronto
CA00054,University Of Lethbridge Lethbridge
CA00055,University Of Manitoba Winnipeg
CA00046,University Of Moncton Moncton
CA00047,University Of Montreal Montreal
CA00056,University Of New Brunswick Fredericton Fredericton
CA00057,University Of Northern British Columbia Prince George
CA00058,University Of Ontario Institute Of Technology Oshawa
CA00059,University Of Ottawa Ottawa
CA00050,University Of Quebec At Montreal Montreal
CA00060,University Of Regina Regina
CA00061,University Of Saskatchewan Saskatoon
CA00048,University Of Sherbrooke Sherbrooke
CA00062,University Of The Fraser Valley Abbotsford
CA00063,University Of Toronto Mississauga Mississauga
CA00064,University Of Toronto Scarborough Scarborough
CA00065,University Of Toronto Toronto
CA00066,University Of Victoria Victoria
CA00010,University Of Waterloo Waterloo
CA00011,University Of Windsor Windsor
CA00041,University Of Winnipeg Winnipeg
CA00083,Vancouver Community College Vancouver
CA00067,Vancouver Island University Nanaimo
CA00068,Western University London
CA00069,Wilfrid Laurier University Waterloo
CA00070,York University Toronto
CA00088,Yorkville University Fredericton
CA00084,Yukon College Whitehorse
"FRANCE (Total: 15, Unique School Number: 15)",
FR00011,Audencia Business School Valence
FR00008,Ecole Polytechnique Valence
FR00003,Edhec Business School Lille
FR00005,Emlyon Business School Lyon
FR00001,Hec Paris Valence
FR00015,Idrac Business School Paris
FR00012,Ieseg School Of Management Lille
FR00013,Insead Business School Evry
FR00007,Kedge Business School Talence
FR00014,Montpellier Business School Montpellier
FR00004,Neoma Business School Paris
FR00009,Paris School Of Business Paris
FR00010,Rennes School Of Business Valence
FR00006,Sciences Po Valence
FR00002,Sorbonne University Paris
"GERMANY (Total: 100, Unique School Number: 100)",
DE00074,Aalen University Aalen
DE00081,Anhalt University Of Applied Sciences Bernburg
DE00068,Bauhaus University Weimar
DE00069,Berlin University Of The Arts Berlin
DE00076,Beuth University Of Applied Sciences Berlin
DE00082,Biberach University Of Applied Science Biberach An Der Riss
DE00007,Bielefeld University Bielefeld
DE00009,Carl Benz School Karlsruhe
DE00047,Carl Von Ossietzky University Of Oldenburg Oldenburg
DE00015,Chemnitz University Of Technology Chemnitz
DE00100,City University Of Applied Sciences Bremen
DE00083,Coburg University Of Applied Sciences And Arts Coburg
DE00077,Code University Of Applied Sciences Berlin
DE00012,Constructor University Bremen
DE00084,Darmstadt University Of Applied Sciences Darmstadt
DE00099,Ebs University Oestrich Winkel
DE00072,Esmt Berlin Berlin
DE00085,Esslingen University Of Applied Sciences Esslingen Am Neckar
DE00073,Fh Aachen University Of Applied Sciences Aachen
DE00070,Frankfurt School Of Finance Management Frankfurt Am Main
DE00004,Free University Of Berlin Berlin
DE00033,Friedrich Schiller University Jena Jena
DE00086,Fulda University Of Applied Sciences Fulda
DE00087,Furtwangen University Furtwangen Im Schwarzwald
DE00023,Goethe University Frankfurt Frankfurt Am Main
DE00088,Hafencity University Hamburg Hamburg
DE00089,Hamburg University Of Applied Sciences Hamburg
DE00029,Hamburg University Of Technology Hamburg
DE00032,Heidelberg University Heidelberg
DE00095,Hochschule Pforzheim Pforzheim
DE00078,Htw Berlin University Of Applied Sciences Berlin
DE00005,Humboldt University Of Berlin Berlin
DE00071,International School Of Management Dortmund
DE00075,Iu International University Of Applied Sciences Berlin
DE00041,Johannes Gutenberg University Of Mainz Mainz
DE00035,Karlsruhe Institute Of Technology Karlsruhe
DE00091,Karlsruhe University Of Applied Sciences Karlsruhe
DE00092,Kempten University Of Applied Sciences Kempten Im Allgau
DE00090,Kuehne Logistics University Hamburg
DE00031,Leibniz University Of Hannover Hannover
DE00039,Leipzig University Leipzig
DE00065,Leuphana University Of Luneburg Luneburg
DE00044,Ludwig Maximilian University Of Munich Munich
DE00079,Macromedia University Of Applied Sciences Munich
DE00028,Martin Luther University Halle Wittenberg Halle
DE00093,Muenster University Of Applied Sciences Munster
DE00094,Nurtingen Geislingen University Nurtingen
DE00064,Osnabruck University Osnabruck
DE00040,Otto Von Guericke University Magdeburg
DE00048,Paderborn University Paderborn
DE00043,Philipps University Marburg Marburg
DE00096,Regensburg University Of Applied Sciences Regensburg
DE00097,Rosenheim Technical University Of Applied Sciences Rosenheim
DE00008,Ruhr University Bochum Bochum
DE00001,Rwth Aachen University Aachen
DE00014,Rwth International Academy Aachen
DE00098,Saarland University Of Applied Sciences Saarbrucken
DE00053,Saarland University Saarbrucken
DE00080,Srh Hochschule Berlin Berlin
DE00006,Technical University Berlin Berlin
DE00017,Technical University Darmstadt Darmstadt
DE00018,Technical University Dortmund Dortmund
DE00019,Technical University Dresden Dresden
DE00024,Technical University Freiberg Freiburg
DE00067,Technical University Ilmenau Ilmenau
DE00045,Technical University Munich Munich
DE00011,Technical University Of Braunschweig Braunschweig
DE00058,Ulm University Ulm
DE00002,University Of Augsburg Augsburg
DE00003,University Of Bayreuth Bayreuth
DE00010,University Of Bonn Bonn
DE00013,University Of Bremen Bremen
DE00016,University Of Cologne Cologne
DE00021,University Of Duesseldorf Dusseldorf
DE00020,University Of Duisburg Essen Duisburg
DE00022,University Of Erlangen Nuremberg Erlangen
DE00025,University Of Freiburg Freiburg
DE00026,University Of Goettingen Gottingen
DE00027,University Of Greifswald Greifswald
DE00030,University Of Hamburg Hamburg
DE00055,University Of Hohenheim Stuttgart
DE00034,University Of Kaiserslautern Kaiserslautern
DE00036,University Of Kassel Kassel
DE00037,University Of Kiel Kiel
DE00066,University Of Koblenz Landau Mainz
DE00038,University Of Konstanz Konstanz
DE00042,University Of Mannheim Mannheim
DE00046,University Of Muenster Munster
DE00049,University Of Passau Passau
DE00050,University Of Potsdam Potsdam
DE00051,University Of Regensburg Regensburg
DE00052,University Of Rostock Rostock
DE00054,University Of Siegen Siegen
DE00056,University Of Stuttgart Stuttgart
DE00062,University Of Trier Trier
DE00057,University Of Tuebingen Tubingen
DE00061,University Of Wuerzburg Wurzburg
DE00063,University Of Wuppertal Wuppertal
DE00059,Whu Otto Beisheim School Of Management Vallendar
DE00060,Wittenherdecke University Witten
"HONG-KONG (Total: 7, Unique School Number: 7)",
HK00006,Chinese University Of Hong Kong Shatin
HK00003,City University Of Hong Kong Kowloon Tong
HK00004,Hong Kong Baptist University Kowloon Tong
HK00007,Lingnan University Tuen Mun
HK00002,The Hong Kong Polytechnic University Hung Hom
HK00001,The Hong Kong University Of Science Technology Hong Kong
HK00005,The University Of Hong Kong Pokfulam
"IRELAND (Total: 18, Unique School Number: 18)",
IE00018,Atlantic Technological University Sligo Sligo
IE00003,Dublin City University Dublin
IE00009,Dundalk Institute Of Technology Dundalk
IE00011,Griffith College Dublin Dublin
IE00007,Maynooth University Maynooth
IE00016,Munster Technological University Cork Campus Bishoptown
IE00012,National College Of Ireland Dublin
IE00005,National University Of Ireland Galway Galway
IE00013,South East Technological University Waterford
IE00014,South East Technological University Wexford
IE00008,Technological University Dublin Dublin
IE00017,Technological University Of The Shannon Midlands Midwest Athlone
IE00004,Trinity College Dublin Dublin
IE00002,University College Cork Cork
IE00001,University College Dublin Belfield
IE00015,University Of Galway Galway
IE00006,University Of Limerick Limerick
IE00010,Waterford Institute Of Technology Waterford
"ITALY (Total: 14, Unique School Number: 14)",
IT00001,Accademia Costume E Moda Rome
IT00006,Alma The International School Of Italian Cuisine Parma
IT00002,Humanitas University Pavia
IT00003,Iulm University Milan
IT00013,Luiss Business School Rome
IT00004,Milano Fashion Institute Milan
IT00014,Polimi Graduate School Of Management Milan
IT00009,Politecnico Di Milano Milan
IT00005,Santanna School Of Advanced Studies Pisa
IT00008,Sapienza University Of Rome San Severo
IT00012,Sda Bocconi School Of Management Milan
IT00007,University Of Bologna Carpi
IT00010,University Of Milan Milan
IT00011,University Of Pisa Pisa
"MALAYSIA (Total: 17, Unique School Number: 17)",
MY00005,International Islamic University Malaysia Iium Gombak
MY00017,Monash University Malaysia Subang Jaya
MY00013,Multimedia University Cyberjaya
MY00016,Sunway University Petaling Jaya
MY00014,Taylors University Subang Jaya
MY00015,Ucsi University Kuala Lumpur
MY00001,Universiti Kebangsaan Malaysia Bangi
MY00010,Universiti Putra Malaysia Seri Kembangan
MY00003,Universiti Sains Malaysia George Town
MY00004,Universiti Teknologi Malaysia Skudai
MY00011,Universiti Teknologi Mara Shah Alam
MY00009,Universiti Teknologi Petronas Seri Iskander
MY00006,Universiti Tenaga Nasional Uniten Kajang
MY00007,Universiti Tunku Abdul Rahman Utar Kampar
MY00002,Universiti Utara Malaysia Changlun
MY00008,University Of Malaya Kuala Lumpur
MY00012,University Of Nottingham Malaysia Semenyih
"NETHERLANDS (Total: 18, Unique School Number: 18)",
NL00016,Breda University Of Applied Sciences Breda
NL00004,Delft University Of Technology Delft
NL00005,Eindhoven University Of Technology Eindhoven
NL00011,Erasmus University Rotterdam Rotterdam
NL00008,Leiden University Leiden
NL00015,Maastricht School Of Management Maastricht
NL00009,Maastricht University Maastricht
NL00010,Radboud University Nijmegen Nijmegen
NL00001,Rotterdam School Of Management Erasmus University Rsm Rotterdam
NL00017,Royal Academy Of Art The Hague The Hague
NL00018,The Hague University Of Applied Sciences The Hague
NL00012,Tilburg University Tilburg
NL00002,University Of Amsterdam Amsterdam
NL00007,University Of Groningen Groningen
NL00006,University Of Twente Enschede
NL00013,Utrecht University Utrecht
NL00003,Vrije Universiteit Amsterdam Amsterdam
NL00014,Wageningen University Research Wageningen
"NEW-ZEALAND (Total: 13, Unique School Number: 13)",
NZ00001,Auckland University Of Technology Auckland
NZ00006,Lincoln University Lincoln
NZ00007,Massey University Palmerston North
NZ00009,Southern Institute Of Technology Invercargill
NZ00011,Unitech Institute Of Technology Auckland
NZ00002,University Of Auckland Auckland
NZ00003,University Of Canterbury Christchurch
NZ00004,University Of Otago Dunedin
NZ00005,University Of Waikato Hamilton
NZ00008,Victoria University Of Wellington Wellington
NZ00013,Waikato Institute Of Technology Hamilton
NZ00010,Wellington Institute Of Technology Petone
NZ00012,Whitireia New Zealand Porirua
"SINGAPORE (Total: 9, Unique School Number: 9)",
SG00007,Amity Global Institue Singapore
SG00004,Insead Singapore
SG00008,James Cook University Singapore
SG00009,London School Of Business And Finance Singapore
SG00001,Nanyang Technological University Singapore
SG00006,National University Of Singapore Business School Singapore
SG00002,National University Of Singapore Singapore
SG00005,Singapore Institute Of Management Singapore
SG00003,Singapore Management University Singapore
"SWEDEN (Total: 21, Unique School Number: 21)",
SE00001,Chalmers University Of Technology Gothenburg
SE00016,Jonkoping University Jonkoping
SE00017,Karlstad University Karlstad
SE00007,Karolinska Institute Stockholm
SE00008,Kth Royal Institute Of Technology Stockholm
SE00003,Linkoping University Linkoping
SE00014,Linnaeus University Vaxjo
SE00004,Lulea University Of Technology Lulea
SE00005,Lund University Lund
SE00018,Malardalen University Vasteras
SE00015,Malmo University Malmo
SE00019,Mid Sweden University Sundsvall
SE00006,Orebro University Orebro
SE00009,Stockholm School Of Economics Stockholm
SE00010,Stockholm University Stockholm
SE00012,Swedish University Of Agricultural Sciences Uppsala
SE00011,Umea University Umea
SE00020,University Of Gavle Gavle
SE00002,University Of Gothenburg Gothenburg
SE00021,University Of Skovde Skovde
SE00013,Uppsala University Uppsala
"SWITZERLAND (Total: 1, Unique School Number: 1)",
CH00001,Eth Zurich Zurich
"UAE (Total: 20, Unique School Number: 20)",
AE00005,Abu Dhabi University Dubai
AE00017,Ajman University Ajman
AE00019,American University In Dubai Dubai
AE00018,American University Of Sharjah Sharjah
AE00001,Amity University Dubai
AE00002,Bits Pilani Dubai
AE00016,Canadian University Dubai Dubai
AE00014,De Montfort University Dubai
AE00013,Gulf Medical University Ajman
AE00020,Jumeira University Dubai
AE00004,Khalifa University Abu Dhabi
AE00011,Manipal Academy Of Higher Education Dubai
AE00007,Middlesex University Dubai Dubai
AE00012,United Arab Emirates University Al Ain
AE00003,University Of Birmingham Dubai Dubai
AE00015,University Of Bolton Al Qusaidat
AE00008,University Of Sharjah Sharjah
AE00006,University Of Wollongong Dubai Dubai
AE00009,Westford University College Sharjah
AE00010,Zayed University Dubai
"UK (Total: 79, Unique School Number: 79)",
UK00003,Aberystwyth University Aberystwyth
UK00009,Aston University Birmingham
UK00074,Bath Spa University Bath
UK00068,Birmingham City University Birmingham
UK00016,Cardiff University Cardiff
UK00038,City University Of London London
UK00017,Coventry University Coventry
UK00075,Cranfield School Of Management Bedford
UK00005,Cranfield University Bedford
UK00039,Durham University Durham
UK00021,Edinburgh Napier University
UK00025,Glasgow Caledonian University Glasgow
UK00071,Glasgow School For Business And Society Glasgow
UK00069,Glasgow School Of Art Glasgow
UK00022,Heriot Watt University Edinburgh
UK00040,Imperial College London London
UK00041,Kings College London London
UK00031,Kingston University Kingston Upon Thames
UK00032,Lancaster University Lancaster
UK00072,Lancaster University Management School Lancaster
UK00033,Leeds Beckett University Leeds
UK00070,Liverpool School Of Tropical Medicine Liverpool
UK00042,London School Of Economics And Political Science London
UK00043,London School Of Hygiene Tropical Medicine London
UK00052,Loughborough University Loughborough
UK00044,Middlesex University London
UK00054,Newcastle University Newcastle Upon Tyne
UK00056,Nottingham Trent University Nottingham
UK00058,Oxford Brookes University Oxford
UK00045,Queen Mary University Of London London
UK00006,Queens University Belfast Belfast
UK00001,Robert Gordon University Aberdeen
UK00078,School Of Management University Of Bath Bath
UK00046,School Of Oriental And African Studies University Of London London
UK00076,Solent University Southampton
UK00047,St Georges University Of London London
UK00066,Swansea University Swansea
UK00053,The University Of Manchester Manchester
UK00007,Ulster University Belfast
UK00077,University College Birmingham Birmingham
UK00048,University College London London
UK00002,University Of Aberdeen Aberdeen
UK00004,University Of Bath Bath
UK00010,University Of Birmingham Birmingham
UK00011,University Of Brighton Brighton
UK00013,University Of Bristol Bristol
UK00015,University Of Cambridge Cambridge
UK00061,University Of Central Lancashire Preston
UK00019,University Of Derby Derby
UK00020,University Of Dundee Dundee
UK00055,University Of East Anglia Norwich
UK00049,University Of East London London
UK00023,University Of Edinburgh Edinburgh
UK00024,University Of Exeter Exeter
UK00026,University Of Glasgow Glasgow
UK00050,University Of Greenwich London
UK00030,University Of Hertfordshire Hatfield
UK00034,University Of Leeds Leeds
UK00035,University Of Leicester Leicester
UK00036,University Of Lincoln Lincoln
UK00037,University Of Liverpool Liverpool
UK00073,University Of London London
UK00057,University Of Nottingham Nottingham
UK00059,University Of Oxford Oxford
UK00008,University Of Reading Berkshire
UK00062,University Of Salford Salford
UK00064,University Of Sheffield Sheffield
UK00060,University Of South Wales Pontypridd
UK00065,University Of Southampton Southampton
UK00063,University Of St Andrews St Andrews
UK00027,University Of Strathclyde Glasgow
UK00028,University Of Surrey Guildford
UK00012,University Of Sussex Brighton
UK00014,University Of The West Of England Bristol
UK00029,University Of The West Of Scotland Glasgow
UK00018,University Of Warwick Coventry
UK00051,University Of Westminster London
UK00067,University Of York York
UK00079,York St John University York
